"English, United Kingdom",Afrikaans,Arabic,Catalan,Chinese Simplified,Chinese Traditional,Czech,Danish,Dutch,English,"English, United States",Finnish,French,German,Greek,Hebrew,Hungarian,Italian,Japanese,Korean,Norwegian,Polish,Portuguese,"Portuguese, Brazilian",Romanian,Russian,Spanish,Swedish,Turkish,Ukrainian,Welsh,File
School Work Help Site | The Essential Website for Learning,School Work Help Site | The Essential Website for Learning,School Work Help Site | The Essential Website for Learning,School Work Help Site | The Essential Website for Learning,School Work Help Site | The Essential Website for Learning,School Work Help Site | The Essential Website for Learning,School Work Help Site | The Essential Website for Learning,School Work Help Site | The Essential Website for Learning,School Work Help Site | The Essential Website for Learning,School Work Help Site | The Essential Website for Learning,School Work Help Site | The Essential Website for Learning,School Work Help Site | The Essential Website for Learning,School Work Help Site | The Essential Website for Learning,School Work Help Site | The Essential Website for Learning,School Work Help Site | The Essential Website for Learning,School Work Help Site | The Essential Website for Learning,School Work Help Site | The Essential Website for Learning,School Work Help Site | The Essential Website for Learning,School Work Help Site | The Essential Website for Learning,School Work Help Site | The Essential Website for Learning,School Work Help Site | The Essential Website for Learning,School Work Help Site | The Essential Website for Learning,School Work Help Site | The Essential Website for Learning,School Work Help Site | The Essential Website for Learning,School Work Help Site | The Essential Website for Learning,School Work Help Site | The Essential Website for Learning,School Work Help Site | The Essential Website for Learning,School Work Help Site | The Essential Website for Learning,School Work Help Site | The Essential Website for Learning,School Work Help Site | The Essential Website for Learning,School Work Help Site | The Essential Website for Learning,/master/index.html
http://schoolwork-helpsite.github.io/swhs3/en/index.html,http://schoolwork-helpsite.github.io/swhs3/en/index.html,http://schoolwork-helpsite.github.io/swhs3/en/index.html,http://schoolwork-helpsite.github.io/swhs3/en/index.html,http://schoolwork-helpsite.github.io/swhs3/en/index.html,http://schoolwork-helpsite.github.io/swhs3/en/index.html,http://schoolwork-helpsite.github.io/swhs3/en/index.html,http://schoolwork-helpsite.github.io/swhs3/en/index.html,http://schoolwork-helpsite.github.io/swhs3/en/index.html,http://schoolwork-helpsite.github.io/swhs3/en/index.html,http://schoolwork-helpsite.github.io/swhs3/en/index.html,http://schoolwork-helpsite.github.io/swhs3/en/index.html,http://schoolwork-helpsite.github.io/swhs3/en/index.html,http://schoolwork-helpsite.github.io/swhs3/en/index.html,http://schoolwork-helpsite.github.io/swhs3/en/index.html,http://schoolwork-helpsite.github.io/swhs3/en/index.html,http://schoolwork-helpsite.github.io/swhs3/en/index.html,http://schoolwork-helpsite.github.io/swhs3/en/index.html,http://schoolwork-helpsite.github.io/swhs3/en/index.html,http://schoolwork-helpsite.github.io/swhs3/en/index.html,http://schoolwork-helpsite.github.io/swhs3/en/index.html,http://schoolwork-helpsite.github.io/swhs3/en/index.html,http://schoolwork-helpsite.github.io/swhs3/en/index.html,http://schoolwork-helpsite.github.io/swhs3/en/index.html,http://schoolwork-helpsite.github.io/swhs3/en/index.html,http://schoolwork-helpsite.github.io/swhs3/en/index.html,http://schoolwork-helpsite.github.io/swhs3/en/index.html,http://schoolwork-helpsite.github.io/swhs3/en/index.html,http://schoolwork-helpsite.github.io/swhs3/en/index.html,http://schoolwork-helpsite.github.io/swhs3/en/index.html,http://schoolwork-helpsite.github.io/swhs3/en/index.html,/master/index.html
http://schoolwork-helpsite.github.io/swhs3/media/logo.jpg,http://schoolwork-helpsite.github.io/swhs3/media/logo.jpg,http://schoolwork-helpsite.github.io/swhs3/media/logo.jpg,http://schoolwork-helpsite.github.io/swhs3/media/logo.jpg,http://schoolwork-helpsite.github.io/swhs3/media/logo.jpg,http://schoolwork-helpsite.github.io/swhs3/media/logo.jpg,http://schoolwork-helpsite.github.io/swhs3/media/logo.jpg,http://schoolwork-helpsite.github.io/swhs3/media/logo.jpg,http://schoolwork-helpsite.github.io/swhs3/media/logo.jpg,http://schoolwork-helpsite.github.io/swhs3/media/logo.jpg,http://schoolwork-helpsite.github.io/swhs3/media/logo.jpg,http://schoolwork-helpsite.github.io/swhs3/media/logo.jpg,http://schoolwork-helpsite.github.io/swhs3/media/logo.jpg,http://schoolwork-helpsite.github.io/swhs3/media/logo.jpg,http://schoolwork-helpsite.github.io/swhs3/media/logo.jpg,http://schoolwork-helpsite.github.io/swhs3/media/logo.jpg,http://schoolwork-helpsite.github.io/swhs3/media/logo.jpg,http://schoolwork-helpsite.github.io/swhs3/media/logo.jpg,http://schoolwork-helpsite.github.io/swhs3/media/logo.jpg,http://schoolwork-helpsite.github.io/swhs3/media/logo.jpg,http://schoolwork-helpsite.github.io/swhs3/media/logo.jpg,http://schoolwork-helpsite.github.io/swhs3/media/logo.jpg,http://schoolwork-helpsite.github.io/swhs3/media/logo.jpg,http://schoolwork-helpsite.github.io/swhs3/media/logo.jpg,http://schoolwork-helpsite.github.io/swhs3/media/logo.jpg,http://schoolwork-helpsite.github.io/swhs3/media/logo.jpg,http://schoolwork-helpsite.github.io/swhs3/media/logo.jpg,http://schoolwork-helpsite.github.io/swhs3/media/logo.jpg,http://schoolwork-helpsite.github.io/swhs3/media/logo.jpg,http://schoolwork-helpsite.github.io/swhs3/media/logo.jpg,http://schoolwork-helpsite.github.io/swhs3/media/logo.jpg,/master/index.html
"<h1 class=""hidden"">SCHOOLWORK HELPSITE</h1>
      <p class=""site-description"">The Essential Website for Learning</p>","<h1 class=""hidden"">SCHOOLWORK HELPSITE</h1>
      <p class=""site-description"">The Essential Website for Learning</p>","<h1 class=""hidden"">SCHOOLWORK HELPSITE</h1>
      <p class=""site-description"">The Essential Website for Learning</p>","<h1 class=""hidden"">SCHOOLWORK HELPSITE</h1>
      <p class=""site-description"">The Essential Website for Learning</p>","<h1 class=""hidden"">SCHOOLWORK HELPSITE</h1>
      <p class=""site-description"">The Essential Website for Learning</p>","<h1 class=""hidden"">SCHOOLWORK HELPSITE</h1>
      <p class=""site-description"">The Essential Website for Learning</p>","<h1 class=""hidden"">SCHOOLWORK HELPSITE</h1>
      <p class=""site-description"">The Essential Website for Learning</p>","<h1 class=""hidden"">SCHOOLWORK HELPSITE</h1>
      <p class=""site-description"">The Essential Website for Learning</p>","<h1 class=""hidden"">SCHOOLWORK HELPSITE</h1>
      <p class=""site-description"">The Essential Website for Learning</p>","<h1 class=""hidden"">SCHOOLWORK HELPSITE</h1>
      <p class=""site-description"">The Essential Website for Learning</p>","<h1 class=""hidden"">SCHOOLWORK HELPSITE</h1>
      <p class=""site-description"">The Essential Website for Learning</p>","<h1 class=""hidden"">SCHOOLWORK HELPSITE</h1>
      <p class=""site-description"">The Essential Website for Learning</p>","<h1 class=""hidden"">SCHOOLWORK HELPSITE</h1>
      <p class=""site-description"">The Essential Website for Learning</p>","<h1 class=""hidden"">SCHOOLWORK HELPSITE</h1>
      <p class=""site-description"">The Essential Website for Learning</p>","<h1 class=""hidden"">SCHOOLWORK HELPSITE</h1>
      <p class=""site-description"">The Essential Website for Learning</p>","<h1 class=""hidden"">SCHOOLWORK HELPSITE</h1>
      <p class=""site-description"">The Essential Website for Learning</p>","<h1 class=""hidden"">SCHOOLWORK HELPSITE</h1>
      <p class=""site-description"">The Essential Website for Learning</p>","<h1 class=""hidden"">SCHOOLWORK HELPSITE</h1>
      <p class=""site-description"">The Essential Website for Learning</p>","<h1 class=""hidden"">SCHOOLWORK HELPSITE</h1>
      <p class=""site-description"">The Essential Website for Learning</p>","<h1 class=""hidden"">SCHOOLWORK HELPSITE</h1>
      <p class=""site-description"">The Essential Website for Learning</p>","<h1 class=""hidden"">SCHOOLWORK HELPSITE</h1>
      <p class=""site-description"">The Essential Website for Learning</p>","<h1 class=""hidden"">SCHOOLWORK HELPSITE</h1>
      <p class=""site-description"">The Essential Website for Learning</p>","<h1 class=""hidden"">SCHOOLWORK HELPSITE</h1>
      <p class=""site-description"">The Essential Website for Learning</p>","<h1 class=""hidden"">SCHOOLWORK HELPSITE</h1>
      <p class=""site-description"">The Essential Website for Learning</p>","<h1 class=""hidden"">SCHOOLWORK HELPSITE</h1>
      <p class=""site-description"">The Essential Website for Learning</p>","<h1 class=""hidden"">SCHOOLWORK HELPSITE</h1>
      <p class=""site-description"">The Essential Website for Learning</p>","<h1 class=""hidden"">SCHOOLWORK HELPSITE</h1>
      <p class=""site-description"">The Essential Website for Learning</p>","<h1 class=""hidden"">SCHOOLWORK HELPSITE</h1>
      <p class=""site-description"">The Essential Website for Learning</p>","<h1 class=""hidden"">SCHOOLWORK HELPSITE</h1>
      <p class=""site-description"">The Essential Website for Learning</p>","<h1 class=""hidden"">SCHOOLWORK HELPSITE</h1>
      <p class=""site-description"">The Essential Website for Learning</p>","<h1 class=""hidden"">SCHOOLWORK HELPSITE</h1>
      <p class=""site-description"">The Essential Website for Learning</p>",/master/index.html
Home,Home,Home,Home,Home,Home,Home,Home,Home,Home,Home,Home,Home,Home,Home,Home,Home,Home,Home,Home,Home,Home,Home,Home,Home,Home,Home,Home,Home,Home,Home,/master/index.html
Hello there!,Hello there!,Hello there!,Hello there!,Hello there!,Hello there!,Hello there!,Hello there!,Hello there!,Hello there!,Hello there!,Hello there!,Hello there!,Hello there!,Hello there!,Hello there!,Hello there!,Hello there!,Hello there!,Hello there!,Hello there!,Hello there!,Hello there!,Hello there!,Hello there!,Hello there!,Hello there!,Hello there!,Hello there!,Hello there!,Hello there!,/master/index.html
Welcome to SWHS.,Welcome to SWHS.,Welcome to SWHS.,Welcome to SWHS.,Welcome to SWHS.,Welcome to SWHS.,Welcome to SWHS.,Welcome to SWHS.,Welcome to SWHS.,Welcome to SWHS.,Welcome to SWHS.,Welcome to SWHS.,Welcome to SWHS.,Welcome to SWHS.,Welcome to SWHS.,Welcome to SWHS.,Welcome to SWHS.,Welcome to SWHS.,Welcome to SWHS.,Welcome to SWHS.,Welcome to SWHS.,Welcome to SWHS.,Welcome to SWHS.,Welcome to SWHS.,Welcome to SWHS.,Welcome to SWHS.,Welcome to SWHS.,Welcome to SWHS.,Welcome to SWHS.,Welcome to SWHS.,Welcome to SWHS.,/master/index.html
"Please click the link to start <a href=""http://schoolwork-helpsite.github.io/swhs3/en/learn"">learning</a>.","Please click the link to start <a href=""http://schoolwork-helpsite.github.io/swhs3/en/learn"">learning</a>.","Please click the link to start <a href=""http://schoolwork-helpsite.github.io/swhs3/en/learn"">learning</a>.","Please click the link to start <a href=""http://schoolwork-helpsite.github.io/swhs3/en/learn"">learning</a>.","Please click the link to start <a href=""http://schoolwork-helpsite.github.io/swhs3/en/learn"">learning</a>.","Please click the link to start <a href=""http://schoolwork-helpsite.github.io/swhs3/en/learn"">learning</a>.","Please click the link to start <a href=""http://schoolwork-helpsite.github.io/swhs3/en/learn"">learning</a>.","Please click the link to start <a href=""http://schoolwork-helpsite.github.io/swhs3/en/learn"">learning</a>.","Please click the link to start <a href=""http://schoolwork-helpsite.github.io/swhs3/en/learn"">learning</a>.","Please click the link to start <a href=""http://schoolwork-helpsite.github.io/swhs3/en/learn"">learning</a>.","Please click the link to start <a href=""http://schoolwork-helpsite.github.io/swhs3/en/learn"">learning</a>.","Please click the link to start <a href=""http://schoolwork-helpsite.github.io/swhs3/en/learn"">learning</a>.","Please click the link to start <a href=""http://schoolwork-helpsite.github.io/swhs3/en/learn"">learning</a>.","Please click the link to start <a href=""http://schoolwork-helpsite.github.io/swhs3/en/learn"">learning</a>.","Please click the link to start <a href=""http://schoolwork-helpsite.github.io/swhs3/en/learn"">learning</a>.","Please click the link to start <a href=""http://schoolwork-helpsite.github.io/swhs3/en/learn"">learning</a>.","Please click the link to start <a href=""http://schoolwork-helpsite.github.io/swhs3/en/learn"">learning</a>.","Please click the link to start <a href=""http://schoolwork-helpsite.github.io/swhs3/en/learn"">learning</a>.","Please click the link to start <a href=""http://schoolwork-helpsite.github.io/swhs3/en/learn"">learning</a>.","Please click the link to start <a href=""http://schoolwork-helpsite.github.io/swhs3/en/learn"">learning</a>.","Please click the link to start <a href=""http://schoolwork-helpsite.github.io/swhs3/en/learn"">learning</a>.","Please click the link to start <a href=""http://schoolwork-helpsite.github.io/swhs3/en/learn"">learning</a>.","Please click the link to start <a href=""http://schoolwork-helpsite.github.io/swhs3/en/learn"">learning</a>.","Please click the link to start <a href=""http://schoolwork-helpsite.github.io/swhs3/en/learn"">learning</a>.","Please click the link to start <a href=""http://schoolwork-helpsite.github.io/swhs3/en/learn"">learning</a>.","Please click the link to start <a href=""http://schoolwork-helpsite.github.io/swhs3/en/learn"">learning</a>.","Please click the link to start <a href=""http://schoolwork-helpsite.github.io/swhs3/en/learn"">learning</a>.","Please click the link to start <a href=""http://schoolwork-helpsite.github.io/swhs3/en/learn"">learning</a>.","Please click the link to start <a href=""http://schoolwork-helpsite.github.io/swhs3/en/learn"">learning</a>.","Please click the link to start <a href=""http://schoolwork-helpsite.github.io/swhs3/en/learn"">learning</a>.","Please click the link to start <a href=""http://schoolwork-helpsite.github.io/swhs3/en/learn"">learning</a>.",/master/index.html
"We are currently developing a dictionary which you can view <a href=""http://schoolwork-helpsite.github.io/swhs3/dictionary"">here</a>","We are currently developing a dictionary which you can view <a href=""http://schoolwork-helpsite.github.io/swhs3/dictionary"">here</a>","We are currently developing a dictionary which you can view <a href=""http://schoolwork-helpsite.github.io/swhs3/dictionary"">here</a>","We are currently developing a dictionary which you can view <a href=""http://schoolwork-helpsite.github.io/swhs3/dictionary"">here</a>","We are currently developing a dictionary which you can view <a href=""http://schoolwork-helpsite.github.io/swhs3/dictionary"">here</a>","We are currently developing a dictionary which you can view <a href=""http://schoolwork-helpsite.github.io/swhs3/dictionary"">here</a>","We are currently developing a dictionary which you can view <a href=""http://schoolwork-helpsite.github.io/swhs3/dictionary"">here</a>","We are currently developing a dictionary which you can view <a href=""http://schoolwork-helpsite.github.io/swhs3/dictionary"">here</a>","We are currently developing a dictionary which you can view <a href=""http://schoolwork-helpsite.github.io/swhs3/dictionary"">here</a>","We are currently developing a dictionary which you can view <a href=""http://schoolwork-helpsite.github.io/swhs3/dictionary"">here</a>","We are currently developing a dictionary which you can view <a href=""http://schoolwork-helpsite.github.io/swhs3/dictionary"">here</a>","We are currently developing a dictionary which you can view <a href=""http://schoolwork-helpsite.github.io/swhs3/dictionary"">here</a>","We are currently developing a dictionary which you can view <a href=""http://schoolwork-helpsite.github.io/swhs3/dictionary"">here</a>","We are currently developing a dictionary which you can view <a href=""http://schoolwork-helpsite.github.io/swhs3/dictionary"">here</a>","We are currently developing a dictionary which you can view <a href=""http://schoolwork-helpsite.github.io/swhs3/dictionary"">here</a>","We are currently developing a dictionary which you can view <a href=""http://schoolwork-helpsite.github.io/swhs3/dictionary"">here</a>","We are currently developing a dictionary which you can view <a href=""http://schoolwork-helpsite.github.io/swhs3/dictionary"">here</a>","We are currently developing a dictionary which you can view <a href=""http://schoolwork-helpsite.github.io/swhs3/dictionary"">here</a>","We are currently developing a dictionary which you can view <a href=""http://schoolwork-helpsite.github.io/swhs3/dictionary"">here</a>","We are currently developing a dictionary which you can view <a href=""http://schoolwork-helpsite.github.io/swhs3/dictionary"">here</a>","We are currently developing a dictionary which you can view <a href=""http://schoolwork-helpsite.github.io/swhs3/dictionary"">here</a>","We are currently developing a dictionary which you can view <a href=""http://schoolwork-helpsite.github.io/swhs3/dictionary"">here</a>","We are currently developing a dictionary which you can view <a href=""http://schoolwork-helpsite.github.io/swhs3/dictionary"">here</a>","We are currently developing a dictionary which you can view <a href=""http://schoolwork-helpsite.github.io/swhs3/dictionary"">here</a>","We are currently developing a dictionary which you can view <a href=""http://schoolwork-helpsite.github.io/swhs3/dictionary"">here</a>","We are currently developing a dictionary which you can view <a href=""http://schoolwork-helpsite.github.io/swhs3/dictionary"">here</a>","We are currently developing a dictionary which you can view <a href=""http://schoolwork-helpsite.github.io/swhs3/dictionary"">here</a>","We are currently developing a dictionary which you can view <a href=""http://schoolwork-helpsite.github.io/swhs3/dictionary"">here</a>","We are currently developing a dictionary which you can view <a href=""http://schoolwork-helpsite.github.io/swhs3/dictionary"">here</a>","We are currently developing a dictionary which you can view <a href=""http://schoolwork-helpsite.github.io/swhs3/dictionary"">here</a>","We are currently developing a dictionary which you can view <a href=""http://schoolwork-helpsite.github.io/swhs3/dictionary"">here</a>",/master/index.html
This website is in development and content is constantly being added and updated.,This website is in development and content is constantly being added and updated.,This website is in development and content is constantly being added and updated.,This website is in development and content is constantly being added and updated.,This website is in development and content is constantly being added and updated.,This website is in development and content is constantly being added and updated.,This website is in development and content is constantly being added and updated.,This website is in development and content is constantly being added and updated.,This website is in development and content is constantly being added and updated.,This website is in development and content is constantly being added and updated.,This website is in development and content is constantly being added and updated.,This website is in development and content is constantly being added and updated.,This website is in development and content is constantly being added and updated.,This website is in development and content is constantly being added and updated.,This website is in development and content is constantly being added and updated.,This website is in development and content is constantly being added and updated.,This website is in development and content is constantly being added and updated.,This website is in development and content is constantly being added and updated.,This website is in development and content is constantly being added and updated.,This website is in development and content is constantly being added and updated.,This website is in development and content is constantly being added and updated.,This website is in development and content is constantly being added and updated.,This website is in development and content is constantly being added and updated.,This website is in development and content is constantly being added and updated.,This website is in development and content is constantly being added and updated.,This website is in development and content is constantly being added and updated.,This website is in development and content is constantly being added and updated.,This website is in development and content is constantly being added and updated.,This website is in development and content is constantly being added and updated.,This website is in development and content is constantly being added and updated.,This website is in development and content is constantly being added and updated.,/master/index.html
We currently only have material for the following GCSE subjects:,We currently only have material for the following GCSE subjects:,We currently only have material for the following GCSE subjects:,We currently only have material for the following GCSE subjects:,We currently only have material for the following GCSE subjects:,We currently only have material for the following GCSE subjects:,We currently only have material for the following GCSE subjects:,We currently only have material for the following GCSE subjects:,We currently only have material for the following GCSE subjects:,We currently only have material for the following GCSE subjects:,We currently only have material for the following GCSE subjects:,We currently only have material for the following GCSE subjects:,We currently only have material for the following GCSE subjects:,We currently only have material for the following GCSE subjects:,We currently only have material for the following GCSE subjects:,We currently only have material for the following GCSE subjects:,We currently only have material for the following GCSE subjects:,We currently only have material for the following GCSE subjects:,We currently only have material for the following GCSE subjects:,We currently only have material for the following GCSE subjects:,We currently only have material for the following GCSE subjects:,We currently only have material for the following GCSE subjects:,We currently only have material for the following GCSE subjects:,We currently only have material for the following GCSE subjects:,We currently only have material for the following GCSE subjects:,We currently only have material for the following GCSE subjects:,We currently only have material for the following GCSE subjects:,We currently only have material for the following GCSE subjects:,We currently only have material for the following GCSE subjects:,We currently only have material for the following GCSE subjects:,We currently only have material for the following GCSE subjects:,/master/index.html
English Language and Literature AQA,English Language and Literature AQA,English Language and Literature AQA,English Language and Literature AQA,English Language and Literature AQA,English Language and Literature AQA,English Language and Literature AQA,English Language and Literature AQA,English Language and Literature AQA,English Language and Literature AQA,English Language and Literature AQA,English Language and Literature AQA,L’anglais Language and Literature AQA,English Language and Literature AQA,English Language and Literature AQA,English Language and Literature AQA,English Language and Literature AQA,English Language and Literature AQA,English Language and Literature AQA,English Language and Literature AQA,English Language and Literature AQA,English Language and Literature AQA,English Language and Literature AQA,English Language and Literature AQA,English Language and Literature AQA,English Language and Literature AQA,English Language and Literature AQA,English Language and Literature AQA,English Language and Literature AQA,English Language and Literature AQA,English Language and Literature AQA,/master/index.html
Mathematics Edexcel,Mathematics Edexcel,Mathematics Edexcel,Mathematics Edexcel,Mathematics Edexcel,Mathematics Edexcel,Mathematics Edexcel,Mathematics Edexcel,Mathematics Edexcel,Mathematics Edexcel,Mathematics Edexcel,Mathematics Edexcel,Mathematics Edexcel,Mathematics Edexcel,Mathematics Edexcel,Mathematics Edexcel,Mathematics Edexcel,Mathematics Edexcel,Mathematics Edexcel,Mathematics Edexcel,Mathematics Edexcel,Mathematics Edexcel,Mathematics Edexcel,Mathematics Edexcel,Mathematics Edexcel,Mathematics Edexcel,Mathematics Edexcel,Mathematics Edexcel,Mathematics Edexcel,Mathematics Edexcel,Mathematics Edexcel,/master/index.html
Triple Science Edexcel,Triple Science Edexcel,Triple Science Edexcel,Triple Science Edexcel,Triple Science Edexcel,Triple Science Edexcel,Triple Science Edexcel,Triple Science Edexcel,Triple Science Edexcel,Triple Science Edexcel,Triple Science Edexcel,Triple Science Edexcel,Triple Science Edexcel,Triple Science Edexcel,Triple Science Edexcel,Triple Science Edexcel,Triple Science Edexcel,Triple Science Edexcel,Triple Science Edexcel,Triple Science Edexcel,Triple Science Edexcel,Triple Science Edexcel,Triple Science Edexcel,Triple Science Edexcel,Triple Science Edexcel,Triple Science Edexcel,Triple Science Edexcel,Triple Science Edexcel,Triple Science Edexcel,Triple Science Edexcel,Triple Science Edexcel,/master/index.html
Religious Studies AQA,Religious Studies AQA,Religious Studies AQA,Religious Studies AQA,Religious Studies AQA,Religious Studies AQA,Religious Studies AQA,Religious Studies AQA,Religious Studies AQA,Religious Studies AQA,Religious Studies AQA,Religious Studies AQA,Religious Studies AQA,Religious Studies AQA,Religious Studies AQA,Religious Studies AQA,Religious Studies AQA,Religious Studies AQA,Religious Studies AQA,Religious Studies AQA,Religious Studies AQA,Religious Studies AQA,Religious Studies AQA,Religious Studies AQA,Religious Studies AQA,Religious Studies AQA,Religious Studies AQA,Religious Studies AQA,Religious Studies AQA,Religious Studies AQA,Religious Studies AQA,/master/index.html
Computing OCR,Computing OCR,Computing OCR,Computing OCR,Computing OCR,Computing OCR,Computing OCR,Computing OCR,Computing OCR,Computing OCR,Computing OCR,Computing OCR,Computing OCR,Computing OCR,Computing OCR,Computing OCR,Computing OCR,Computing OCR,Computing OCR,Computing OCR,Computing OCR,Computing OCR,Computing OCR,Computing OCR,Computing OCR,Computing OCR,Computing OCR,Computing OCR,Computing OCR,Computing OCR,Computing OCR,/master/index.html
Media Studies AQA,Media Studies AQA,Media Studies AQA,Media Studies AQA,Media Studies AQA,Media Studies AQA,Media Studies AQA,Media Studies AQA,Media Studies AQA,Media Studies AQA,Media Studies AQA,Media Studies AQA,Media Studies AQA,Media Studies AQA,Media Studies AQA,Media Studies AQA,Media Studies AQA,Media Studies AQA,Media Studies AQA,Media Studies AQA,Media Studies AQA,Media Studies AQA,Media Studies AQA,Media Studies AQA,Media Studies AQA,Media Studies AQA,Media Studies AQA,Media Studies AQA,Media Studies AQA,Media Studies AQA,Media Studies AQA,/master/index.html
Business Studies Edexcel,Business Studies Edexcel,Business Studies Edexcel,Business Studies Edexcel,Business Studies Edexcel,Business Studies Edexcel,Business Studies Edexcel,Business Studies Edexcel,Business Studies Edexcel,Business Studies Edexcel,Business Studies Edexcel,Business Studies Edexcel,Business Studies Edexcel,Business Studies Edexcel,Business Studies Edexcel,Business Studies Edexcel,Business Studies Edexcel,Business Studies Edexcel,Business Studies Edexcel,Business Studies Edexcel,Business Studies Edexcel,Business Studies Edexcel,Business Studies Edexcel,Business Studies Edexcel,Business Studies Edexcel,Business Studies Edexcel,Business Studies Edexcel,Business Studies Edexcel,Business Studies Edexcel,Business Studies Edexcel,Business Studies Edexcel,/master/index.html
"However, you can still use these resources if you are using different exam boards at GCSE level.","However, you can still use these resources if you are using different exam boards at GCSE level.","However, you can still use these resources if you are using different exam boards at GCSE level.","However, you can still use these resources if you are using different exam boards at GCSE level.","However, you can still use these resources if you are using different exam boards at GCSE level.","However, you can still use these resources if you are using different exam boards at GCSE level.","However, you can still use these resources if you are using different exam boards at GCSE level.","However, you can still use these resources if you are using different exam boards at GCSE level.","However, you can still use these resources if you are using different exam boards at GCSE level.","However, you can still use these resources if you are using different exam boards at GCSE level.","However, you can still use these resources if you are using different exam boards at GCSE level.","However, you can still use these resources if you are using different exam boards at GCSE level.","However, you can still use these resources if you are using different exam boards at GCSE level.","However, you can still use these resources if you are using different exam boards at GCSE level.","However, you can still use these resources if you are using different exam boards at GCSE level.","However, you can still use these resources if you are using different exam boards at GCSE level.","However, you can still use these resources if you are using different exam boards at GCSE level.","However, you can still use these resources if you are using different exam boards at GCSE level.","However, you can still use these resources if you are using different exam boards at GCSE level.","However, you can still use these resources if you are using different exam boards at GCSE level.","However, you can still use these resources if you are using different exam boards at GCSE level.","However, you can still use these resources if you are using different exam boards at GCSE level.","However, you can still use these resources if you are using different exam boards at GCSE level.","However, you can still use these resources if you are using different exam boards at GCSE level.","However, you can still use these resources if you are using different exam boards at GCSE level.","However, you can still use these resources if you are using different exam boards at GCSE level.","However, you can still use these resources if you are using different exam boards at GCSE level.","However, you can still use these resources if you are using different exam boards at GCSE level.","However, you can still use these resources if you are using different exam boards at GCSE level.","However, you can still use these resources if you are using different exam boards at GCSE level.","However, you can still use these resources if you are using different exam boards at GCSE level.",/master/index.html
Looking for info...,Looking for info...,Looking for info...,Looking for info...,Looking for info...,Looking for info...,Looking for info...,Looking for info...,Looking for info...,Looking for info...,Looking for info...,Looking for info...,Looking for info...,Looking for info...,Looking for info...,Looking for info...,Looking for info...,Looking for info...,Looking for info...,Looking for info...,Looking for info...,Looking for info...,Looking for info...,Looking for info...,Looking for info...,Looking for info...,Looking for info...,Looking for info...,Looking for info...,Looking for info...,Looking for info...,/master/index.html
SEARCH,SEARCH,SEARCH,SEARCH,SEARCH,SEARCH,SEARCH,SEARCH,SEARCH,SEARCH,SEARCH,SEARCH,SEARCH,SEARCH,SEARCH,SEARCH,SEARCH,SEARCH,SEARCH,SEARCH,SEARCH,SEARCH,SEARCH,SEARCH,SEARCH,SEARCH,SEARCH,SEARCH,SEARCH,SEARCH,SEARCH,/master/index.html
Search,Search,Search,Search,Search,Search,Search,Search,Search,Search,Search,Search,Search,Search,Search,Search,Search,Search,Search,Search,Search,Search,Search,Search,Search,Search,Search,Search,Search,Search,Search,/master/index.html
default.html,default.html,default.html,default.html,default.html,default.html,default.html,default.html,default.html,default.html,default.html,default.html,default.html,default.html,default.html,default.html,default.html,default.html,default.html,default.html,default.html,default.html,default.html,default.html,default.html,default.html,default.html,default.html,default.html,default.html,default.html,/master/index.html
h,h,h,h,h,h,h,h,h,h,h,h,h,h,h,h,h,h,h,h,h,h,h,h,h,h,h,h,h,h,h,/master/index.html
©2019,©2019,©2019,©2019,©2019,©2019,©2019,©2019,©2019,©2019,©2019,©2019,©2019,©2019,©2019,©2019,©2019,©2019,©2019,©2019,©2019,©2019,©2019,©2019,©2019,©2019,©2019,©2019,©2019,©2019,©2019,/master/index.html
A website powered by Sprouse Websites,A website powered by Sprouse Websites,A website powered by Sprouse Websites,A website powered by Sprouse Websites,A website powered by Sprouse Websites,A website powered by Sprouse Websites,A website powered by Sprouse Websites,A website powered by Sprouse Websites,A website powered by Sprouse Websites,A website powered by Sprouse Websites,A website powered by Sprouse Websites,A website powered by Sprouse Websites,A website powered by Sprouse Websites,A website powered by Sprouse Websites,A website powered by Sprouse Websites,A website powered by Sprouse Websites,A website powered by Sprouse Websites,A website powered by Sprouse Websites,A website powered by Sprouse Websites,A website powered by Sprouse Websites,A website powered by Sprouse Websites,A website powered by Sprouse Websites,A website powered by Sprouse Websites,A website powered by Sprouse Websites,A website powered by Sprouse Websites,A website powered by Sprouse Websites,A website powered by Sprouse Websites,A website powered by Sprouse Websites,A website powered by Sprouse Websites,A website powered by Sprouse Websites,A website powered by Sprouse Websites,/master/index.html
http://schoolwork-helpsite.github.io/swhs3/about,http://schoolwork-helpsite.github.io/swhs3/about,http://schoolwork-helpsite.github.io/swhs3/about,http://schoolwork-helpsite.github.io/swhs3/about,http://schoolwork-helpsite.github.io/swhs3/about,http://schoolwork-helpsite.github.io/swhs3/about,http://schoolwork-helpsite.github.io/swhs3/about,http://schoolwork-helpsite.github.io/swhs3/about,http://schoolwork-helpsite.github.io/swhs3/about,http://schoolwork-helpsite.github.io/swhs3/about,http://schoolwork-helpsite.github.io/swhs3/about,http://schoolwork-helpsite.github.io/swhs3/about,http://schoolwork-helpsite.github.io/swhs3/about,http://schoolwork-helpsite.github.io/swhs3/about,http://schoolwork-helpsite.github.io/swhs3/about,http://schoolwork-helpsite.github.io/swhs3/about,http://schoolwork-helpsite.github.io/swhs3/about,http://schoolwork-helpsite.github.io/swhs3/about,http://schoolwork-helpsite.github.io/swhs3/about,http://schoolwork-helpsite.github.io/swhs3/about,http://schoolwork-helpsite.github.io/swhs3/about,http://schoolwork-helpsite.github.io/swhs3/about,http://schoolwork-helpsite.github.io/swhs3/about,http://schoolwork-helpsite.github.io/swhs3/about,http://schoolwork-helpsite.github.io/swhs3/about,http://schoolwork-helpsite.github.io/swhs3/about,http://schoolwork-helpsite.github.io/swhs3/about,http://schoolwork-helpsite.github.io/swhs3/about,http://schoolwork-helpsite.github.io/swhs3/about,http://schoolwork-helpsite.github.io/swhs3/about,http://schoolwork-helpsite.github.io/swhs3/about,/master/index.html
"About | <a href=""http://schoolwork-helpsite.github.io/swhs3/contact"">Contact Us</a>","About | <a href=""http://schoolwork-helpsite.github.io/swhs3/contact"">Contact Us</a>","About | <a href=""http://schoolwork-helpsite.github.io/swhs3/contact"">Contact Us</a>","About | <a href=""http://schoolwork-helpsite.github.io/swhs3/contact"">Contact Us</a>","About | <a href=""http://schoolwork-helpsite.github.io/swhs3/contact"">Contact Us</a>","About | <a href=""http://schoolwork-helpsite.github.io/swhs3/contact"">Contact Us</a>","About | <a href=""http://schoolwork-helpsite.github.io/swhs3/contact"">Contact Us</a>","About | <a href=""http://schoolwork-helpsite.github.io/swhs3/contact"">Contact Us</a>","About | <a href=""http://schoolwork-helpsite.github.io/swhs3/contact"">Contact Us</a>","About | <a href=""http://schoolwork-helpsite.github.io/swhs3/contact"">Contact Us</a>","About | <a href=""http://schoolwork-helpsite.github.io/swhs3/contact"">Contact Us</a>","About | <a href=""http://schoolwork-helpsite.github.io/swhs3/contact"">Contact Us</a>","About | <a href=""http://schoolwork-helpsite.github.io/swhs3/contact"">Contact Us</a>","About | <a href=""http://schoolwork-helpsite.github.io/swhs3/contact"">Contact Us</a>","About | <a href=""http://schoolwork-helpsite.github.io/swhs3/contact"">Contact Us</a>","About | <a href=""http://schoolwork-helpsite.github.io/swhs3/contact"">Contact Us</a>","About | <a href=""http://schoolwork-helpsite.github.io/swhs3/contact"">Contact Us</a>","About | <a href=""http://schoolwork-helpsite.github.io/swhs3/contact"">Contact Us</a>","About | <a href=""http://schoolwork-helpsite.github.io/swhs3/contact"">Contact Us</a>","About | <a href=""http://schoolwork-helpsite.github.io/swhs3/contact"">Contact Us</a>","About | <a href=""http://schoolwork-helpsite.github.io/swhs3/contact"">Contact Us</a>","About | <a href=""http://schoolwork-helpsite.github.io/swhs3/contact"">Contact Us</a>","About | <a href=""http://schoolwork-helpsite.github.io/swhs3/contact"">Contact Us</a>","About | <a href=""http://schoolwork-helpsite.github.io/swhs3/contact"">Contact Us</a>","About | <a href=""http://schoolwork-helpsite.github.io/swhs3/contact"">Contact Us</a>","About | <a href=""http://schoolwork-helpsite.github.io/swhs3/contact"">Contact Us</a>","About | <a href=""http://schoolwork-helpsite.github.io/swhs3/contact"">Contact Us</a>","About | <a href=""http://schoolwork-helpsite.github.io/swhs3/contact"">Contact Us</a>","About | <a href=""http://schoolwork-helpsite.github.io/swhs3/contact"">Contact Us</a>","About | <a href=""http://schoolwork-helpsite.github.io/swhs3/contact"">Contact Us</a>","About | <a href=""http://schoolwork-helpsite.github.io/swhs3/contact"">Contact Us</a>",/master/index.html